log,total_events,max_inactive,min_inactive,ratio,total_mem_bytes,div_mem_bytes,seen_mem_bytes,active_objs,fitness,precision,f1_score,duration_ms
hiring_log_high.json,63869,0,0,0.0000,1949152,240,48,1,0.4940,0.6528,0.5624,29
hiring_log_high.json,63869,64,0,0.0000,1982960,24192,48,57,0.5714,0.6562,0.6109,121
hiring_log_high.json,63869,64,3,0.0469,1997392,36608,48,58,0.5714,0.6562,0.6109,115
hiring_log_high.json,63869,64,6,0.0938,1991728,36416,48,58,0.5714,0.6562,0.6109,113
hiring_log_high.json,63869,64,13,0.2031,1990368,33216,48,58,0.5714,0.6562,0.6109,101
hiring_log_high.json,63869,64,32,0.5000,1986000,27008,48,58,0.5714,0.6562,0.6109,78
hiring_log_high.json,63869,64,51,0.7969,1995280,36992,48,58,0.5714,0.6562,0.6109,50
hiring_log_high.json,63869,64,64,1.0000,1991632,33984,48,58,0.5714,0.6562,0.6109,32
hiring_log_high.json,63869,319,0,0.0000,2064112,81280,48,264,0.5714,0.6562,0.6109,460
hiring_log_high.json,63869,319,16,0.0502,2075664,82048,48,264,0.5714,0.6562,0.6109,436
hiring_log_high.json,63869,319,32,0.1003,2080832,89152,48,264,0.5714,0.6562,0.6109,413
hiring_log_high.json,63869,319,64,0.2006,2065264,85568,48,264,0.5714,0.6562,0.6109,369
hiring_log_high.json,63869,319,160,0.5016,2057088,78208,48,264,0.5714,0.6562,0.6109,241
hiring_log_high.json,63869,319,255,0.7994,2067872,89088,48,265,0.5714,0.6562,0.6109,121
hiring_log_high.json,63869,319,319,1.0000,2064160,86080,48,266,0.5714,0.6562,0.6109,34
hiring_log_high.json,63869,639,0,0.0000,2244088,204864,48,502,0.5714,0.6562,0.6109,767
hiring_log_high.json,63869,639,32,0.0501,2243864,211904,48,502,0.5714,0.6562,0.6109,735
hiring_log_high.json,63869,639,64,0.1002,2235864,206272,48,502,0.5714,0.6562,0.6109,697
hiring_log_high.json,63869,639,128,0.2003,2235080,203712,48,502,0.5714,0.6562,0.6109,621
hiring_log_high.json,63869,639,320,0.5008,2231760,204864,48,502,0.5714,0.6562,0.6109,450
hiring_log_high.json,63869,639,511,0.7997,2236416,212928,48,502,0.5714,0.6562,0.6109,201
hiring_log_high.json,63869,639,639,1.0000,2211472,209472,48,504,0.5714,0.6562,0.6109,35
hiring_log_high.json,63869,3193,0,0.0000,2973136,773064,48,1863,0.6429,0.6944,0.6677,3558
hiring_log_high.json,63869,3193,160,0.0501,2956176,761096,48,1863,0.6429,0.6944,0.6677,3371
hiring_log_high.json,63869,3193,319,0.0999,2962176,765000,48,1864,0.6429,0.6944,0.6677,3232
hiring_log_high.json,63869,3193,639,0.2001,2969984,770760,48,1865,0.6429,0.6944,0.6677,2936
hiring_log_high.json,63869,3193,1597,0.5002,2960720,760328,48,1868,0.6429,0.6944,0.6677,1763
hiring_log_high.json,63869,3193,2554,0.7999,2959744,767944,48,1870,0.6429,0.6944,0.6677,721
hiring_log_high.json,63869,3193,3193,1.0000,2946776,760968,48,1872,0.6429,0.6944,0.6677,37
hiring_log_high.json,63869,6387,0,0.0000,4139512,1480544,48,3109,0.9821,0.8058,0.8853,6739
hiring_log_high.json,63869,6387,319,0.0499,4138872,1478112,48,3109,0.9821,0.8058,0.8853,6393
hiring_log_high.json,63869,6387,639,0.1000,4139784,1480224,48,3109,0.9821,0.8058,0.8853,6626
hiring_log_high.json,63869,6387,1277,0.1999,4146072,1485152,48,3109,0.9821,0.8058,0.8853,5276
hiring_log_high.json,63869,6387,3194,0.5001,4139544,1478752,48,3110,0.9821,0.8058,0.8853,3226
hiring_log_high.json,63869,6387,5110,0.8001,4125960,1468512,48,3111,0.9821,0.8058,0.8853,1248
hiring_log_high.json,63869,6387,6387,1.0000,4130288,1479136,48,3112,0.9821,0.8058,0.8853,38
hiring_log_high.json,63869,12774,0,0.0000,5245088,2579232,48,4260,1.0000,1.0000,1.0000,10404
hiring_log_high.json,63869,12774,639,0.0500,5237632,2570464,48,4262,1.0000,1.0000,1.0000,9630
hiring_log_high.json,63869,12774,1277,0.1000,5252800,2585120,48,4264,1.0000,1.0000,1.0000,8941
hiring_log_high.json,63869,12774,2555,0.2000,5248560,2580064,48,4268,1.0000,1.0000,1.0000,7651
hiring_log_high.json,63869,12774,6387,0.5000,5245936,2581088,48,4280,1.0000,1.0000,1.0000,4013
hiring_log_high.json,63869,12774,10219,0.8000,5262928,2592480,48,4292,1.0000,1.0000,1.0000,1345
hiring_log_high.json,63869,12774,12774,1.0000,5241328,2573152,48,4300,1.0000,1.0000,1.0000,37
hiring_log_high.json,63869,31935,0,0.0000,10976544,8079360,48,8799,1.0000,1.0000,1.0000,8311
hiring_log_high.json,63869,31935,1597,0.0500,10981264,8085056,48,8799,1.0000,1.0000,1.0000,7074
hiring_log_high.json,63869,31935,3194,0.1000,10986320,8088064,48,8799,1.0000,1.0000,1.0000,6044
hiring_log_high.json,63869,31935,6387,0.2000,10971760,8074432,48,8799,1.0000,1.0000,1.0000,4133
hiring_log_high.json,63869,31935,15968,0.5000,10976480,8080128,48,8799,1.0000,1.0000,1.0000,1149
hiring_log_high.json,63869,31935,25548,0.8000,10984832,8086208,48,8822,1.0000,1.0000,1.0000,201
hiring_log_high.json,63869,31935,31935,1.0000,10967568,8068416,48,8850,1.0000,1.0000,1.0000,34
hiring_log_high.json,63869,63869,63869,1.0000,17092208,14134672,48,10000,1.0000,1.0000,1.0000,31
hospital_log_high.json,69528,0,0,0.0000,1948650,240,48,1,0.5654,0.8042,0.6640,32
hospital_log_high.json,69528,70,0,0.0000,1977106,20312,48,33,0.5654,0.7042,0.6272,179
hospital_log_high.json,69528,70,4,0.0571,1979602,20952,48,33,0.5654,0.7042,0.6272,171
hospital_log_high.json,69528,70,7,0.1000,1976338,19352,48,33,0.5654,0.7042,0.6272,165
hospital_log_high.json,69528,70,14,0.2000,1977650,22616,48,33,0.5654,0.7042,0.6272,150
hospital_log_high.json,69528,70,35,0.5000,1977954,19864,48,34,0.5654,0.7042,0.6272,107
hospital_log_high.json,69528,70,56,0.8000,1973634,19800,48,34,0.5654,0.7042,0.6272,65
hospital_log_high.json,69528,70,70,1.0000,1973074,19480,48,35,0.5654,0.7042,0.6272,36
hospital_log_high.json,69528,348,0,0.0000,2067706,88728,48,158,0.5654,0.7042,0.6272,626
hospital_log_high.json,69528,348,17,0.0489,2057626,91032,48,158,0.5654,0.7042,0.6272,588
hospital_log_high.json,69528,348,35,0.1006,2058754,90776,48,158,0.5654,0.7042,0.6272,678
hospital_log_high.json,69528,348,70,0.2011,2061634,93464,48,158,0.5654,0.7042,0.6272,609
hospital_log_high.json,69528,348,174,0.5000,2057138,88536,48,158,0.5654,0.7042,0.6272,393
hospital_log_high.json,69528,348,278,0.7989,2064962,89560,48,158,0.5654,0.7042,0.6272,179
hospital_log_high.json,69528,348,348,1.0000,2068530,90648,48,158,0.5654,0.7042,0.6272,38
hospital_log_high.json,69528,695,0,0.0000,2153738,171288,48,233,0.5654,0.7042,0.6272,1194
hospital_log_high.json,69528,695,35,0.0504,2159818,170776,48,233,0.5654,0.7042,0.6272,1136
hospital_log_high.json,69528,695,70,0.1007,2196426,169496,48,233,0.5654,0.7042,0.6272,1080
hospital_log_high.json,69528,695,139,0.2000,2198026,173720,48,233,0.5654,0.7042,0.6272,982
hospital_log_high.json,69528,695,348,0.5007,2159594,171224,48,233,0.5654,0.7042,0.6272,613
hospital_log_high.json,69528,695,556,0.8000,2183474,170392,48,233,0.5654,0.7042,0.6272,322
hospital_log_high.json,69528,695,695,1.0000,2181602,174040,48,233,0.5654,0.7042,0.6272,40
hospital_log_high.json,69528,3476,0,0.0000,2905338,809688,48,1468,0.6038,0.7417,0.6657,5730
hospital_log_high.json,69528,3476,174,0.0501,2898362,804696,48,1468,0.6038,0.7417,0.6657,5427
hospital_log_high.json,69528,3476,348,0.1001,2905690,809560,48,1468,0.6038,0.7417,0.6657,5789
hospital_log_high.json,69528,3476,695,0.1999,2904890,813912,48,1468,0.6038,0.7417,0.6657,4544
hospital_log_high.json,69528,3476,1738,0.5000,2905450,810520,48,1468,0.6038,0.7417,0.6657,2842
hospital_log_high.json,69528,3476,2781,0.8001,2896010,804568,48,1468,0.6038,0.7417,0.6657,1142
hospital_log_high.json,69528,3476,3476,1.0000,2894178,804120,48,1468,0.6038,0.7417,0.6657,41
hospital_log_high.json,69528,6953,0,0.0000,4487002,1860568,48,3351,0.7846,0.9545,0.8613,10764
hospital_log_high.json,69528,6953,348,0.0501,4469306,1852120,48,3352,0.7846,0.9545,0.8613,10246
hospital_log_high.json,69528,6953,695,0.1000,4467626,1849688,48,3353,0.7846,0.9545,0.8613,9647
hospital_log_high.json,69528,6953,1391,0.2001,4402298,1781400,48,3354,0.7846,0.9545,0.8613,8529
hospital_log_high.json,69528,6953,3477,0.5001,4481034,1860376,48,3358,0.7846,0.9545,0.8613,5277
hospital_log_high.json,69528,6953,5562,0.7999,4480650,1855512,48,3361,0.7846,0.9545,0.8613,2031
hospital_log_high.json,69528,6953,6953,1.0000,4474146,1851928,48,3365,0.7846,0.9545,0.8613,41
hospital_log_high.json,69528,13906,0,0.0000,7410730,4631128,48,6507,0.7846,0.9545,0.8613,14541
hospital_log_high.json,69528,13906,695,0.0500,7411946,4631320,48,6507,0.7846,0.9545,0.8613,13487
hospital_log_high.json,69528,13906,1391,0.1000,7403578,4621016,48,6507,0.7846,0.9545,0.8613,12408
hospital_log_high.json,69528,13906,2781,0.2000,7415626,4636568,48,6507,0.7846,0.9545,0.8613,10410
hospital_log_high.json,69528,13906,6953,0.5000,7417610,4637336,48,6507,0.7846,0.9545,0.8613,4687
hospital_log_high.json,69528,13906,11125,0.8000,7407754,4629784,48,6507,0.7846,0.9545,0.8613,589
hospital_log_high.json,69528,13906,13906,1.0000,7428914,4648344,48,6507,0.7846,0.9545,0.8613,39
hospital_log_high.json,69528,34764,0,0.0000,10686306,7729816,48,10000,1.0000,1.0000,1.0000,6917
hospital_log_high.json,69528,34764,1738,0.0500,10679586,7723096,48,10000,1.0000,1.0000,1.0000,5620
hospital_log_high.json,69528,34764,3476,0.1000,10692514,7736024,48,10000,1.0000,1.0000,1.0000,4384
hospital_log_high.json,69528,34764,6953,0.2000,10687458,7730968,48,10000,1.0000,1.0000,1.0000,2180
hospital_log_high.json,69528,34764,17382,0.5000,10677730,7721240,48,10000,1.0000,1.0000,1.0000,92
hospital_log_high.json,69528,34764,27811,0.8000,10679650,7723160,48,10000,1.0000,1.0000,1.0000,37
hospital_log_high.json,69528,34764,34764,1.0000,10690146,7733656,48,10000,1.0000,1.0000,1.0000,37
hospital_log_high.json,69528,69528,69528,1.0000,17453002,14496512,48,10000,1.0000,1.0000,1.0000,34
lending_log_high.json,58822,0,0,0.0000,1948872,240,48,1,0.4861,0.3403,0.4003,27
lending_log_high.json,58822,59,0,0.0000,1974536,14080,48,58,0.4861,0.3403,0.4003,121
lending_log_high.json,58822,59,3,0.0508,1972696,14720,48,58,0.4861,0.3403,0.4003,116
lending_log_high.json,58822,59,6,0.1017,1976360,15424,48,58,0.4861,0.3403,0.4003,111
lending_log_high.json,58822,59,12,0.2034,1974072,17280,48,58,0.4861,0.3403,0.4003,102
lending_log_high.json,58822,59,30,0.5085,1976184,15488,48,59,0.4861,0.3403,0.4003,74
lending_log_high.json,58822,59,47,0.7966,1970520,14336,48,59,0.4861,0.3403,0.4003,48
lending_log_high.json,58822,59,59,1.0000,1969928,13952,48,60,0.4861,0.3403,0.4003,31
lending_log_high.json,58822,294,0,0.0000,2081840,86664,48,292,0.4444,0.3681,0.4027,475
lending_log_high.json,58822,294,15,0.0510,2076768,92168,48,292,0.4444,0.3681,0.4027,460
lending_log_high.json,58822,294,29,0.0986,2110832,121672,48,292,0.4444,0.3681,0.4027,431
lending_log_high.json,58822,294,59,0.2007,2106992,121288,48,292,0.4444,0.3681,0.4027,384
lending_log_high.json,58822,294,147,0.5000,2069008,80136,48,292,0.4444,0.3681,0.4027,253
lending_log_high.json,58822,294,235,0.7993,2114400,124360,48,292,0.4444,0.3681,0.4027,121
lending_log_high.json,58822,294,294,1.0000,2106608,123016,48,294,0.4444,0.3681,0.4027,32
lending_log_high.json,58822,588,0,0.0000,2191832,184648,48,586,0.4444,0.3681,0.4027,799
lending_log_high.json,58822,588,29,0.0493,2183752,177480,48,586,0.4444,0.3681,0.4027,765
lending_log_high.json,58822,588,59,0.1003,2148344,148936,48,586,0.4444,0.3681,0.4027,720
lending_log_high.json,58822,588,118,0.2007,2164008,141448,48,586,0.4444,0.3681,0.4027,645
lending_log_high.json,58822,588,294,0.5000,2151200,147272,48,586,0.4444,0.3681,0.4027,473
lending_log_high.json,58822,588,470,0.7993,2182256,177992,48,586,0.4444,0.3681,0.4027,210
lending_log_high.json,58822,588,588,1.0000,2227600,178632,48,588,0.4444,0.3681,0.4027,32
lending_log_high.json,58822,2941,0,0.0000,3095360,834704,48,2876,0.5909,0.8611,0.7009,3772
lending_log_high.json,58822,2941,147,0.0500,3096576,835792,48,2876,0.5909,0.8611,0.7009,3579
lending_log_high.json,58822,2941,294,0.1000,3102864,844688,48,2876,0.5909,0.8611,0.7009,3388
lending_log_high.json,58822,2941,588,0.1999,3095104,835856,48,2877,0.5909,0.8611,0.7009,3001
lending_log_high.json,58822,2941,1471,0.5002,3098368,838224,48,2880,0.5909,0.8611,0.7009,1853
lending_log_high.json,58822,2941,2353,0.8001,3099920,845200,48,2883,0.5909,0.8611,0.7009,734
lending_log_high.json,58822,2941,2941,1.0000,3104136,846224,48,2885,0.5909,0.8611,0.7009,34
lending_log_high.json,58822,5882,0,0.0000,4619040,1846992,48,5802,0.6818,0.8993,0.7756,7070
lending_log_high.json,58822,5882,294,0.0500,4592784,1821840,48,5802,0.6818,0.8993,0.7756,6807
lending_log_high.json,58822,5882,588,0.1000,4607152,1834384,48,5803,0.6818,0.8993,0.7756,6285
lending_log_high.json,58822,5882,1176,0.1999,4617872,1845456,48,5805,0.6818,0.8993,0.7756,5566
lending_log_high.json,58822,5882,2941,0.5000,4620752,1849168,48,5811,0.6818,0.8993,0.7756,3327
lending_log_high.json,58822,5882,4706,0.8001,4618880,1847120,48,5816,0.6818,0.8993,0.7756,1325
lending_log_high.json,58822,5882,5882,1.0000,4609768,1837584,48,5820,0.6818,0.8993,0.7756,34
lending_log_high.json,58822,11764,0,0.0000,5434984,2604008,48,7496,1.0000,1.0000,1.0000,11161
lending_log_high.json,58822,11764,588,0.0500,5434824,2604584,48,7496,1.0000,1.0000,1.0000,10493
lending_log_high.json,58822,11764,1176,0.1000,5433512,2601512,48,7497,1.0000,1.0000,1.0000,9684
lending_log_high.json,58822,11764,2353,0.2000,5432152,2600680,48,7497,1.0000,1.0000,1.0000,8228
lending_log_high.json,58822,11764,5882,0.5000,5428952,2597800,48,7500,1.0000,1.0000,1.0000,4369
lending_log_high.json,58822,11764,9411,0.8000,5432040,2600040,48,7502,1.0000,1.0000,1.0000,1182
lending_log_high.json,58822,11764,11764,1.0000,5431424,2599912,48,7504,1.0000,1.0000,1.0000,33
lending_log_high.json,58822,29411,0,0.0000,9010216,6101616,48,9038,1.0000,1.0000,1.0000,8235
lending_log_high.json,58822,29411,1471,0.0500,9010760,6102000,48,9038,1.0000,1.0000,1.0000,6932
lending_log_high.json,58822,29411,2941,0.1000,9010520,6102192,48,9038,1.0000,1.0000,1.0000,5732
lending_log_high.json,58822,29411,5882,0.2000,9011096,6102640,48,9038,1.0000,1.0000,1.0000,3519
lending_log_high.json,58822,29411,14706,0.5000,9010424,6102192,48,9038,1.0000,1.0000,1.0000,382
lending_log_high.json,58822,29411,23529,0.8000,9009400,6101680,48,9038,1.0000,1.0000,1.0000,152
lending_log_high.json,58822,29411,29411,1.0000,9009336,6101488,48,9038,1.0000,1.0000,1.0000,31
lending_log_high.json,58822,58822,58822,1.0000,15697080,12740368,48,10000,1.0000,1.0000,1.0000,28
logistics.json,35413,0,0,0.0000,2194719,240,48,0,0.5018,0.6671,0.5728,30
logistics.json,35413,35,0,0.0000,2199519,1136,48,0,1.0000,0.9442,0.9713,69
logistics.json,35413,35,2,0.0571,2199167,1264,48,0,1.0000,0.9442,0.9713,64
logistics.json,35413,35,4,0.1143,2201903,1840,48,0,1.0000,0.9442,0.9713,60
logistics.json,35413,35,7,0.2000,2199823,880,48,0,1.0000,0.9442,0.9713,56
logistics.json,35413,35,18,0.5143,2197535,880,48,0,1.0000,0.9442,0.9713,44
logistics.json,35413,35,28,0.8000,2201231,1200,48,0,1.0000,0.9442,0.9713,34
logistics.json,35413,35,35,1.0000,2197247,1136,48,0,1.0000,0.9442,0.9713,28
logistics.json,35413,177,0,0.0000,2246767,43360,48,74,1.0000,0.9442,0.9713,165
logistics.json,35413,177,9,0.0508,2243311,42464,48,74,1.0000,0.9442,0.9713,149
logistics.json,35413,177,18,0.1017,2257407,54304,48,75,1.0000,0.9442,0.9713,138
logistics.json,35413,177,35,0.1977,2264255,56416,48,75,1.0000,0.9442,0.9713,122
logistics.json,35413,177,89,0.5028,2242447,41504,48,77,1.0000,0.9442,0.9713,83
logistics.json,35413,177,142,0.8023,2256399,50528,48,78,1.0000,0.9442,0.9713,49
logistics.json,35413,177,177,1.0000,2254735,50976,48,79,1.0000,0.9442,0.9713,31
logistics.json,35413,354,0,0.0000,2333335,113408,48,163,1.0000,0.9442,0.9713,277
logistics.json,35413,354,18,0.0508,2351623,115200,48,164,1.0000,0.9442,0.9713,243
logistics.json,35413,354,35,0.0989,2295999,88512,48,164,1.0000,0.9442,0.9713,224
logistics.json,35413,354,71,0.2006,2308671,89600,48,165,1.0000,0.9442,0.9713,196
logistics.json,35413,354,177,0.5000,2305423,96704,48,166,1.0000,0.9442,0.9713,127
logistics.json,35413,354,283,0.7994,2307055,91584,48,168,1.0000,0.9442,0.9713,67
logistics.json,35413,354,354,1.0000,2314751,93440,48,171,1.0000,0.9442,0.9713,29
logistics.json,35413,1771,0,0.0000,2795943,526464,48,713,1.0000,0.9442,0.9713,919
logistics.json,35413,1771,89,0.0503,2814855,549568,48,716,1.0000,0.9442,0.9713,838
logistics.json,35413,1771,177,0.0999,2777399,514880,48,719,1.0000,0.9442,0.9713,779
logistics.json,35413,1771,354,0.1999,2772183,506688,48,721,1.0000,0.9442,0.9713,679
logistics.json,35413,1771,886,0.5003,2757463,496960,48,731,1.0000,0.9442,0.9713,416
logistics.json,35413,1771,1417,0.8001,2786487,526656,48,742,1.0000,0.9442,0.9713,180
logistics.json,35413,1771,1771,1.0000,2779055,522944,48,750,1.0000,0.9442,0.9713,30
logistics.json,35413,3541,0,0.0000,3435087,1104576,48,1348,1.0000,0.9442,0.9713,1586
logistics.json,35413,3541,177,0.0500,3445599,1109248,48,1370,1.0000,0.9442,0.9713,1452
logistics.json,35413,3541,354,0.1000,3409311,1073984,48,1373,1.0000,0.9442,0.9713,1356
logistics.json,35413,3541,708,0.1999,3427295,1088768,48,1380,1.0000,0.9442,0.9713,1176
logistics.json,35413,3541,1771,0.5001,3402639,1068928,48,1404,1.0000,0.9442,0.9713,727
logistics.json,35413,3541,2833,0.8001,3455599,1122880,48,1447,1.0000,0.9442,0.9713,307
logistics.json,35413,3541,3541,1.0000,3441759,1104576,48,1458,1.0000,0.9442,0.9713,31
logistics.json,35413,7083,0,0.0000,4740399,2164800,48,2653,1.0000,0.9442,0.9713,2764
logistics.json,35413,7083,354,0.0500,4790399,2218432,48,2662,1.0000,0.9442,0.9713,2546
logistics.json,35413,7083,708,0.1000,4736751,2163648,48,2676,1.0000,0.9442,0.9713,2381
logistics.json,35413,7083,1417,0.2001,4755487,2179776,48,2686,1.0000,0.9442,0.9713,2091
logistics.json,35413,7083,3542,0.5001,4754767,2185344,48,2739,1.0000,0.9442,0.9713,1299
logistics.json,35413,7083,5666,0.7999,4754479,2184448,48,2786,1.0000,0.9442,0.9713,526
logistics.json,35413,7083,7083,1.0000,4754607,2184000,48,2844,1.0000,0.9442,0.9713,31
logistics.json,35413,17707,0,0.0000,6829727,3788160,48,6554,1.0000,0.9442,0.9713,4718
logistics.json,35413,17707,885,0.0500,6832687,3791808,48,6579,1.0000,0.9442,0.9713,4363
logistics.json,35413,17707,1771,0.1000,6832607,3790592,48,6599,1.0000,0.9442,0.9713,4080
logistics.json,35413,17707,3541,0.2000,6827887,3785600,48,6654,1.0000,0.9442,0.9713,3573
logistics.json,35413,17707,8854,0.5000,6838751,3795840,48,6773,1.0000,0.9442,0.9713,2141
logistics.json,35413,17707,14166,0.8000,6828367,3786752,48,6909,1.0000,0.9442,0.9713,838
logistics.json,35413,17707,17707,1.0000,6836351,3790912,48,6991,1.0000,0.9442,0.9713,30
logistics.json,35413,35413,35413,1.0000,11638207,8315648,48,13882,1.0000,0.9442,0.9713,28
lrmsCollection.json,28278,0,0,0.0000,2130123,240,48,2,0.4649,0.3884,0.4233,21
lrmsCollection.json,28278,28,0,0.0000,2146771,13272,48,13,0.6108,1.0000,0.7584,37
lrmsCollection.json,28278,28,1,0.0357,2146723,13336,48,13,0.6108,1.0000,0.7584,35
lrmsCollection.json,28278,28,3,0.1071,2145875,13208,48,13,0.6108,1.0000,0.7584,34
lrmsCollection.json,28278,28,6,0.2143,2145875,13720,48,13,0.6108,1.0000,0.7584,32
lrmsCollection.json,28278,28,14,0.5000,2146307,13080,48,13,0.6108,1.0000,0.7584,29
lrmsCollection.json,28278,28,22,0.7857,2145603,13208,48,13,0.6108,1.0000,0.7584,25
lrmsCollection.json,28278,28,28,1.0000,2146563,13720,48,13,0.6108,1.0000,0.7584,22
lrmsCollection.json,28278,141,0,0.0000,2203311,61400,48,66,0.5163,0.7687,0.6177,86
lrmsCollection.json,28278,141,7,0.0496,2200783,60568,48,66,0.5163,0.7687,0.6177,82
lrmsCollection.json,28278,141,14,0.0993,2204959,63448,48,67,0.5163,0.7687,0.6177,79
lrmsCollection.json,28278,141,28,0.1986,2200175,62104,48,67,0.5163,0.7687,0.6177,74
lrmsCollection.json,28278,141,71,0.5035,2206319,63448,48,67,0.5163,0.7687,0.6177,54
lrmsCollection.json,28278,141,113,0.8014,2199823,62360,48,67,0.5163,0.7687,0.6177,35
lrmsCollection.json,28278,141,141,1.0000,2204847,61528,48,70,0.5163,0.7687,0.6177,23
lrmsCollection.json,28278,283,0,0.0000,2261127,109776,48,120,0.5163,0.7687,0.6177,151
lrmsCollection.json,28278,283,14,0.0495,2260359,107920,48,120,0.5163,0.7687,0.6177,143
lrmsCollection.json,28278,283,28,0.0989,2249895,106320,48,120,0.5163,0.7687,0.6177,137
lrmsCollection.json,28278,283,57,0.2014,2254983,108944,48,120,0.5163,0.7687,0.6177,125
lrmsCollection.json,28278,283,142,0.5018,2260247,113872,48,126,0.5163,0.7687,0.6177,85
lrmsCollection.json,28278,283,226,0.7986,2263111,110032,48,126,0.5163,0.7687,0.6177,48
lrmsCollection.json,28278,283,283,1.0000,2265767,114320,48,130,0.5163,0.7687,0.6177,24
lrmsCollection.json,28278,1414,0,0.0000,2643843,454376,48,604,0.7333,0.8121,0.7707,611
lrmsCollection.json,28278,1414,71,0.0502,2668323,474472,48,606,0.7333,0.8121,0.7707,584
lrmsCollection.json,28278,1414,141,0.0997,2645043,451560,48,606,0.7333,0.8121,0.7707,569
lrmsCollection.json,28278,1414,283,0.2001,2647011,452520,48,610,0.7333,0.8121,0.7707,485
lrmsCollection.json,28278,1414,707,0.5000,2674211,473448,48,617,0.7333,0.8121,0.7707,307
lrmsCollection.json,28278,1414,1131,0.7999,2639475,445416,48,627,0.7333,0.8121,0.7707,135
lrmsCollection.json,28278,1414,1414,1.0000,2661507,468904,48,630,0.7333,0.8121,0.7707,25
lrmsCollection.json,28278,2828,0,0.0000,3193175,874912,48,1191,1.0000,1.0000,1.0000,1093
lrmsCollection.json,28278,2828,141,0.0499,3188359,869536,48,1191,1.0000,1.0000,1.0000,1030
lrmsCollection.json,28278,2828,283,0.1001,3212279,896928,48,1195,1.0000,1.0000,1.0000,963
lrmsCollection.json,28278,2828,566,0.2001,3181527,860896,48,1196,1.0000,1.0000,1.0000,853
lrmsCollection.json,28278,2828,1414,0.5000,3187095,869984,48,1208,1.0000,1.0000,1.0000,518
lrmsCollection.json,28278,2828,2262,0.7999,3214647,899424,48,1222,1.0000,1.0000,1.0000,214
lrmsCollection.json,28278,2828,2828,1.0000,3178311,863072,48,1228,1.0000,1.0000,1.0000,25
lrmsCollection.json,28278,5656,0,0.0000,4521831,1977824,48,2185,1.0000,1.0000,1.0000,1830
lrmsCollection.json,28278,5656,283,0.0500,4508023,1963808,48,2190,1.0000,1.0000,1.0000,1715
lrmsCollection.json,28278,5656,566,0.1001,4518727,1975136,48,2196,1.0000,1.0000,1.0000,1606
lrmsCollection.json,28278,5656,1131,0.2000,4526983,1982240,48,2202,1.0000,1.0000,1.0000,1391
lrmsCollection.json,28278,5656,2828,0.5000,4525815,1981536,48,2222,1.0000,1.0000,1.0000,852
lrmsCollection.json,28278,5656,4525,0.8000,4510551,1967072,48,2239,1.0000,1.0000,1.0000,325
lrmsCollection.json,28278,5656,5656,1.0000,4506711,1961504,48,2250,1.0000,1.0000,1.0000,26
lrmsCollection.json,28278,14139,0,0.0000,7131511,4571680,48,4723,1.0000,1.0000,1.0000,2803
lrmsCollection.json,28278,14139,707,0.0500,7137559,4579424,48,4729,1.0000,1.0000,1.0000,2591
lrmsCollection.json,28278,14139,1414,0.1000,7137863,4576672,48,4733,1.0000,1.0000,1.0000,2546
lrmsCollection.json,28278,14139,2828,0.2000,7125959,4563680,48,4749,1.0000,1.0000,1.0000,2036
lrmsCollection.json,28278,14139,7070,0.5000,7132295,4568352,48,4796,1.0000,1.0000,1.0000,1153
lrmsCollection.json,28278,14139,11311,0.8000,7142647,4576672,48,4841,1.0000,1.0000,1.0000,438
lrmsCollection.json,28278,14139,14139,1.0000,7129367,4562528,48,4866,1.0000,1.0000,1.0000,26
lrmsCollection.json,28278,28278,28278,1.0000,11824023,8723360,48,8819,1.0000,1.0000,1.0000,24
order-management.json,21008,0,0,0.0000,2109243,496,48,11,0.1610,0.9207,0.2741,48
order-management.json,21008,21,0,0.0000,2148091,22552,48,55,0.6112,0.9846,0.7542,109
order-management.json,21008,21,1,0.0476,2144123,22936,48,55,0.6112,0.9846,0.7542,104
order-management.json,21008,21,2,0.0952,2137995,22552,48,55,0.6112,0.9846,0.7542,103
order-management.json,21008,21,4,0.1905,2145739,18264,48,55,0.6112,0.9846,0.7542,92
order-management.json,21008,21,11,0.5238,2144827,20568,48,55,0.6112,0.9846,0.7542,69
order-management.json,21008,21,17,0.8095,2145403,21848,48,55,0.6112,0.9846,0.7542,53
order-management.json,21008,21,21,1.0000,2135163,21784,48,63,0.6112,0.9846,0.7542,46
order-management.json,21008,105,0,0.0000,2195759,59888,48,223,0.7400,0.9861,0.8455,235
order-management.json,21008,105,5,0.0476,2200943,64368,48,223,0.7400,0.9861,0.8455,213
order-management.json,21008,105,11,0.1048,2194895,58288,48,223,0.7400,0.9861,0.8455,197
order-management.json,21008,105,21,0.2000,2191471,58224,48,223,0.7400,0.9861,0.8455,167
order-management.json,21008,105,53,0.5048,2194095,59056,48,226,0.7400,0.9861,0.8455,107
order-management.json,21008,105,84,0.8000,2192927,61488,48,227,0.7400,0.9861,0.8455,66
order-management.json,21008,105,105,1.0000,2202319,65520,48,230,0.7400,0.9861,0.8455,44
order-management.json,21008,210,0,0.0000,2302415,111616,48,384,0.7400,0.9861,0.8455,329
order-management.json,21008,210,11,0.0524,2304159,115840,48,384,0.7400,0.9861,0.8455,284
order-management.json,21008,210,21,0.1000,2304207,115520,48,384,0.7400,0.9861,0.8455,256
order-management.json,21008,210,42,0.2000,2310847,117120,48,384,0.7400,0.9861,0.8455,209
order-management.json,21008,210,105,0.5000,2286959,114240,48,384,0.7400,0.9861,0.8455,130
order-management.json,21008,210,168,0.8000,2308351,116160,48,392,0.7400,0.9861,0.8455,75
order-management.json,21008,210,210,1.0000,2276895,113216,48,395,0.7400,0.9861,0.8455,45
order-management.json,21008,1050,0,0.0000,2778927,479120,48,849,0.8242,0.9876,0.8985,735
order-management.json,21008,1050,53,0.0505,2707727,411088,48,850,0.8242,0.9876,0.8985,601
order-management.json,21008,1050,105,0.1000,2766351,468432,48,850,0.8242,0.9876,0.8985,532
order-management.json,21008,1050,210,0.2000,2769215,469392,48,851,0.8242,0.9876,0.8985,445
order-management.json,21008,1050,525,0.5000,2751519,449104,48,855,0.8242,0.9876,0.8985,274
order-management.json,21008,1050,840,0.8000,2739711,443792,48,857,0.8242,0.9876,0.8985,130
order-management.json,21008,1050,1050,1.0000,2791679,493072,48,859,0.8242,0.9876,0.8985,45
order-management.json,21008,2101,0,0.0000,3043263,781512,48,1340,1.0000,1.0000,1.0000,1052
order-management.json,21008,2101,105,0.0500,3014047,757768,48,1342,1.0000,1.0000,1.0000,859
order-management.json,21008,2101,210,0.1000,2997551,737992,48,1348,1.0000,1.0000,1.0000,773
order-management.json,21008,2101,420,0.1999,3148959,889992,48,1349,1.0000,1.0000,1.0000,652
order-management.json,21008,2101,1051,0.5002,3044527,785416,48,1375,1.0000,1.0000,1.0000,382
order-management.json,21008,2101,1681,0.8001,2983663,725640,48,1390,1.0000,1.0000,1.0000,175
order-management.json,21008,2101,2101,1.0000,3046191,788616,48,1404,1.0000,1.0000,1.0000,46
order-management.json,21008,4202,0,0.0000,3992479,1483784,48,2320,1.0000,1.0000,1.0000,1645
order-management.json,21008,4202,210,0.0500,3993407,1483464,48,2328,1.0000,1.0000,1.0000,1320
order-management.json,21008,4202,420,0.1000,4001951,1490952,48,2338,1.0000,1.0000,1.0000,1205
order-management.json,21008,4202,840,0.1999,3988255,1478152,48,2342,1.0000,1.0000,1.0000,1024
order-management.json,21008,4202,2101,0.5000,4004335,1497544,48,2391,1.0000,1.0000,1.0000,630
order-management.json,21008,4202,3362,0.8001,3990159,1483784,48,2420,1.0000,1.0000,1.0000,277
order-management.json,21008,4202,4202,1.0000,4004879,1497288,48,2447,1.0000,1.0000,1.0000,46
order-management.json,21008,10504,0,0.0000,6529071,3569224,48,5082,1.0000,1.0000,1.0000,2442
order-management.json,21008,10504,525,0.0500,6529871,3568648,48,5123,1.0000,1.0000,1.0000,2175
order-management.json,21008,10504,1050,0.1000,6531727,3569992,48,5156,1.0000,1.0000,1.0000,1974
order-management.json,21008,10504,2101,0.2000,6532911,3569096,48,5216,1.0000,1.0000,1.0000,1724
order-management.json,21008,10504,5252,0.5000,6533375,3561288,48,5570,1.0000,1.0000,1.0000,1020
order-management.json,21008,10504,8403,0.8000,6545487,3573000,48,5641,1.0000,1.0000,1.0000,412
order-management.json,21008,10504,10504,1.0000,6538415,3565384,48,5684,1.0000,1.0000,1.0000,46
order-management.json,21008,21008,21008,1.0000,10389215,7244872,48,10840,1.0000,1.0000,1.0000,45
procureToPay.json,14671,0,0,0.0000,2380897,496,48,8,0.4858,0.8136,0.6084,14
procureToPay.json,14671,15,0,0.0000,2390813,7840,48,19,0.8379,0.9480,0.8896,29
procureToPay.json,14671,15,1,0.0667,2391037,6688,48,19,0.8379,0.9480,0.8896,27
procureToPay.json,14671,15,2,0.1333,2394269,8672,48,19,0.8379,0.9480,0.8896,26
procureToPay.json,14671,15,3,0.2000,2392925,9568,48,19,0.8379,0.9480,0.8896,25
procureToPay.json,14671,15,8,0.5333,2390861,8096,48,19,0.8379,0.9480,0.8896,20
procureToPay.json,14671,15,12,0.8000,2391997,8672,48,19,0.8379,0.9480,0.8896,16
procureToPay.json,14671,15,15,1.0000,2390077,7840,48,19,0.8379,0.9480,0.8896,15
procureToPay.json,14671,73,0,0.0000,2422701,29312,48,99,1.0000,1.0000,1.0000,63
procureToPay.json,14671,73,4,0.0548,2423901,29696,48,99,1.0000,1.0000,1.0000,58
procureToPay.json,14671,73,7,0.0959,2422829,28736,48,99,1.0000,1.0000,1.0000,56
procureToPay.json,14671,73,15,0.2055,2432333,27712,48,99,1.0000,1.0000,1.0000,49
procureToPay.json,14671,73,37,0.5068,2428493,29504,48,103,1.0000,1.0000,1.0000,34
procureToPay.json,14671,73,58,0.7945,2423261,28416,48,103,1.0000,1.0000,1.0000,21
procureToPay.json,14671,73,73,1.0000,2426349,25472,48,112,1.0000,1.0000,1.0000,15
procureToPay.json,14671,147,0,0.0000,2449837,57168,48,145,1.0000,1.0000,1.0000,90
procureToPay.json,14671,147,7,0.0476,2463965,59984,48,145,1.0000,1.0000,1.0000,83
procureToPay.json,14671,147,15,0.1020,2445645,53264,48,145,1.0000,1.0000,1.0000,76
procureToPay.json,14671,147,29,0.1973,2456157,54608,48,145,1.0000,1.0000,1.0000,65
procureToPay.json,14671,147,74,0.5034,2460765,57424,48,145,1.0000,1.0000,1.0000,43
procureToPay.json,14671,147,118,0.8027,2455213,51600,48,145,1.0000,1.0000,1.0000,24
procureToPay.json,14671,147,147,1.0000,2440381,47568,48,145,1.0000,1.0000,1.0000,14
procureToPay.json,14671,734,0,0.0000,2644669,185328,48,452,1.0000,1.0000,1.0000,255
procureToPay.json,14671,734,37,0.0504,2648941,186544,48,452,1.0000,1.0000,1.0000,224
procureToPay.json,14671,734,73,0.0995,2647677,184880,48,452,1.0000,1.0000,1.0000,206
procureToPay.json,14671,734,147,0.2003,2647517,184304,48,453,1.0000,1.0000,1.0000,178
procureToPay.json,14671,734,367,0.5000,2669021,207600,48,455,1.0000,1.0000,1.0000,116
procureToPay.json,14671,734,587,0.7997,2668045,204592,48,457,1.0000,1.0000,1.0000,58
procureToPay.json,14671,734,734,1.0000,2648253,189168,48,458,1.0000,1.0000,1.0000,15
procureToPay.json,14671,1467,0,0.0000,2821333,365296,48,870,1.0000,1.0000,1.0000,440
procureToPay.json,14671,1467,73,0.0498,2877877,382832,48,870,1.0000,1.0000,1.0000,393
procureToPay.json,14671,1467,147,0.1002,2868165,374896,48,870,1.0000,1.0000,1.0000,364
procureToPay.json,14671,1467,293,0.1997,2851845,356656,48,873,1.0000,1.0000,1.0000,323
procureToPay.json,14671,1467,734,0.5003,2948781,375792,48,878,1.0000,1.0000,1.0000,209
procureToPay.json,14671,1467,1174,0.8003,2935981,362480,48,886,1.0000,1.0000,1.0000,91
procureToPay.json,14671,1467,1467,1.0000,2941821,370928,48,893,1.0000,1.0000,1.0000,15
procureToPay.json,14671,2934,0,0.0000,3350549,820400,48,1679,1.0000,1.0000,1.0000,758
procureToPay.json,14671,2934,147,0.0501,3339333,802992,48,1689,1.0000,1.0000,1.0000,688
procureToPay.json,14671,2934,293,0.0999,3371829,838192,48,1692,1.0000,1.0000,1.0000,650
procureToPay.json,14671,2934,587,0.2001,3372821,839152,48,1705,1.0000,1.0000,1.0000,577
procureToPay.json,14671,2934,1467,0.5000,3329925,797168,48,1737,1.0000,1.0000,1.0000,362
procureToPay.json,14671,2934,2347,0.7999,3354269,819824,48,1781,1.0000,1.0000,1.0000,162
procureToPay.json,14671,2934,2934,1.0000,3368253,835568,48,1806,1.0000,1.0000,1.0000,15
procureToPay.json,14671,7336,0,0.0000,4663189,1875376,48,4231,1.0000,1.0000,1.0000,1298
procureToPay.json,14671,7336,367,0.0500,4660117,1872240,48,4233,1.0000,1.0000,1.0000,1198
procureToPay.json,14671,7336,734,0.1001,4663589,1873264,48,4251,1.0000,1.0000,1.0000,1126
procureToPay.json,14671,7336,1467,0.2000,4658517,1873648,48,4269,1.0000,1.0000,1.0000,987
procureToPay.json,14671,7336,3668,0.5000,4665957,1877552,48,4327,1.0000,1.0000,1.0000,596
procureToPay.json,14671,7336,5869,0.8000,4663365,1872368,48,4416,1.0000,1.0000,1.0000,235
procureToPay.json,14671,7336,7336,1.0000,4674573,1879920,48,4514,1.0000,1.0000,1.0000,15
procureToPay.json,14671,14671,14671,1.0000,6984069,3627440,48,9054,1.0000,1.0000,1.0000,14
reasoning_benchmark.json,31709,0,0,0.0000,590483,240,48,2,0.1595,0.9477,0.2730,30
reasoning_benchmark.json,31709,32,0,0.0000,601291,5744,48,4,0.7526,1.0000,0.8589,24
reasoning_benchmark.json,31709,32,2,0.0625,603083,7536,48,4,0.7526,1.0000,0.8589,24
reasoning_benchmark.json,31709,32,3,0.0938,602251,6704,48,4,0.7526,1.0000,0.8589,24
reasoning_benchmark.json,31709,32,6,0.1875,603083,7536,48,4,0.7526,1.0000,0.8589,24
reasoning_benchmark.json,31709,32,16,0.5000,603083,7536,48,4,0.7526,1.0000,0.8589,23
reasoning_benchmark.json,31709,32,26,0.8125,603083,7536,48,4,0.7526,1.0000,0.8589,23
reasoning_benchmark.json,31709,32,32,1.0000,603083,7536,48,4,0.7526,1.0000,0.8589,22
reasoning_benchmark.json,31709,159,0,0.0000,621471,23672,48,10,1.0000,1.0000,1.0000,31
reasoning_benchmark.json,31709,159,8,0.0503,621119,23288,48,11,1.0000,1.0000,1.0000,30
reasoning_benchmark.json,31709,159,16,0.1006,622847,25016,48,11,1.0000,1.0000,1.0000,30
reasoning_benchmark.json,31709,159,32,0.2013,620543,23224,48,11,1.0000,1.0000,1.0000,29
reasoning_benchmark.json,31709,159,80,0.5031,620831,23480,48,11,1.0000,1.0000,1.0000,28
reasoning_benchmark.json,31709,159,127,0.7987,620415,22584,48,11,1.0000,1.0000,1.0000,25
reasoning_benchmark.json,31709,159,159,1.0000,620895,23096,48,11,1.0000,1.0000,1.0000,24
reasoning_benchmark.json,31709,317,0,0.0000,637399,40592,48,18,1.0000,1.0000,1.0000,38
reasoning_benchmark.json,31709,317,16,0.0505,636023,38800,48,18,1.0000,1.0000,1.0000,38
reasoning_benchmark.json,31709,317,32,0.1009,637751,40400,48,18,1.0000,1.0000,1.0000,38
reasoning_benchmark.json,31709,317,63,0.1987,639543,41872,48,18,1.0000,1.0000,1.0000,36
reasoning_benchmark.json,31709,317,159,0.5016,640583,43472,48,18,1.0000,1.0000,1.0000,30
reasoning_benchmark.json,31709,317,254,0.8013,638727,41488,48,18,1.0000,1.0000,1.0000,27
reasoning_benchmark.json,31709,317,317,1.0000,639767,41552,48,18,1.0000,1.0000,1.0000,23
reasoning_benchmark.json,31709,1585,0,0.0000,773055,165048,48,80,1.0000,1.0000,1.0000,104
reasoning_benchmark.json,31709,1585,79,0.0498,771279,166392,48,80,1.0000,1.0000,1.0000,99
reasoning_benchmark.json,31709,1585,159,0.1003,779327,173240,48,80,1.0000,1.0000,1.0000,97
reasoning_benchmark.json,31709,1585,317,0.2000,783807,180280,48,81,1.0000,1.0000,1.0000,87
reasoning_benchmark.json,31709,1585,793,0.5003,777423,175416,48,82,1.0000,1.0000,1.0000,64
reasoning_benchmark.json,31709,1585,1268,0.8000,771359,164856,48,83,1.0000,1.0000,1.0000,40
reasoning_benchmark.json,31709,1585,1585,1.0000,780623,175288,48,84,1.0000,1.0000,1.0000,25
reasoning_benchmark.json,31709,3171,0,0.0000,992663,377712,48,161,1.0000,1.0000,1.0000,179
reasoning_benchmark.json,31709,3171,159,0.0501,979927,363824,48,161,1.0000,1.0000,1.0000,171
reasoning_benchmark.json,31709,3171,317,0.1000,993607,378288,48,161,1.0000,1.0000,1.0000,164
reasoning_benchmark.json,31709,3171,634,0.1999,987463,373232,48,162,1.0000,1.0000,1.0000,147
reasoning_benchmark.json,31709,3171,1586,0.5002,977479,364144,48,164,1.0000,1.0000,1.0000,100
reasoning_benchmark.json,31709,3171,2537,0.8001,967303,352624,48,164,1.0000,1.0000,1.0000,54
reasoning_benchmark.json,31709,3171,3171,1.0000,980871,365808,48,164,1.0000,1.0000,1.0000,25
reasoning_benchmark.json,31709,6342,0,0.0000,1321135,677880,48,310,1.0000,1.0000,1.0000,306
reasoning_benchmark.json,31709,6342,317,0.0500,1334879,691000,48,310,1.0000,1.0000,1.0000,292
reasoning_benchmark.json,31709,6342,634,0.1000,1343951,701496,48,310,1.0000,1.0000,1.0000,277
reasoning_benchmark.json,31709,6342,1268,0.1999,1382063,738168,48,310,1.0000,1.0000,1.0000,250
reasoning_benchmark.json,31709,6342,3171,0.5000,1376383,733240,48,313,1.0000,1.0000,1.0000,162
reasoning_benchmark.json,31709,6342,5074,0.8001,1378751,735864,48,317,1.0000,1.0000,1.0000,79
reasoning_benchmark.json,31709,6342,6342,1.0000,1371743,729144,48,319,1.0000,1.0000,1.0000,25
reasoning_benchmark.json,31709,15855,0,0.0000,2283167,1580408,48,775,1.0000,1.0000,1.0000,517
reasoning_benchmark.json,31709,15855,793,0.0500,2203775,1503032,48,777,1.0000,1.0000,1.0000,487
reasoning_benchmark.json,31709,15855,1586,0.1000,2283967,1582328,48,778,1.0000,1.0000,1.0000,459
reasoning_benchmark.json,31709,15855,3171,0.2000,2213487,1511416,48,781,1.0000,1.0000,1.0000,405
reasoning_benchmark.json,31709,15855,7928,0.5000,2265855,1563384,48,790,1.0000,1.0000,1.0000,252
reasoning_benchmark.json,31709,15855,12684,0.8000,2285935,1584760,48,802,1.0000,1.0000,1.0000,112
reasoning_benchmark.json,31709,15855,15855,1.0000,2213519,1511672,48,809,1.0000,1.0000,1.0000,25
reasoning_benchmark.json,31709,31709,31709,1.0000,3344527,2611320,48,1645,1.0000,1.0000,1.0000,26
renting_log_high.json,89972,0,0,0.0000,1949926,240,48,1,0.5333,0.7396,0.6197,42
renting_log_high.json,89972,90,0,0.0000,1967750,14944,48,13,0.6667,0.7943,0.7249,269
renting_log_high.json,89972,90,5,0.0556,1969862,15072,48,13,0.6667,0.7943,0.7249,257
renting_log_high.json,89972,90,9,0.1000,1976598,23008,48,13,0.6667,0.7943,0.7249,247
renting_log_high.json,89972,90,18,0.2000,1974374,21984,48,13,0.6667,0.7943,0.7249,225
renting_log_high.json,89972,90,45,0.5000,1971974,17824,48,13,0.6667,0.7943,0.7249,159
renting_log_high.json,89972,90,72,0.8000,1979078,22432,48,13,0.6667,0.7943,0.7249,93
renting_log_high.json,89972,90,90,1.0000,1968822,16160,48,13,0.6667,0.7943,0.7249,49
renting_log_high.json,89972,450,0,0.0000,2071502,81504,48,45,0.6667,0.7943,0.7249,983
renting_log_high.json,89972,450,23,0.0511,2072718,73120,48,45,0.6667,0.7943,0.7249,910
renting_log_high.json,89972,450,45,0.1000,2069934,78496,48,45,0.6667,0.7943,0.7249,867
renting_log_high.json,89972,450,90,0.2000,2046846,64032,48,45,0.6667,0.7943,0.7249,776
renting_log_high.json,89972,450,225,0.5000,2099094,76064,48,45,0.6667,0.7943,0.7249,586
renting_log_high.json,89972,450,360,0.8000,2059734,61088,48,45,0.6667,0.7943,0.7249,262
renting_log_high.json,89972,450,450,1.0000,2052214,69216,48,45,0.6667,0.7943,0.7249,50
renting_log_high.json,89972,900,0,0.0000,2152478,117152,48,103,0.6667,0.7943,0.7249,1845
renting_log_high.json,89972,900,45,0.0500,2169038,133152,48,103,0.6667,0.7943,0.7249,1755
renting_log_high.json,89972,900,90,0.1000,2167390,139296,48,103,0.6667,0.7943,0.7249,1661
renting_log_high.json,89972,900,180,0.2000,2158350,139744,48,103,0.6667,0.7943,0.7249,1479
renting_log_high.json,89972,900,450,0.5000,2167806,141600,48,103,0.6667,0.7943,0.7249,932
renting_log_high.json,89972,900,720,0.8000,2179718,139424,48,103,0.6667,0.7943,0.7249,465
renting_log_high.json,89972,900,900,1.0000,2147382,131296,48,104,0.6667,0.7943,0.7249,59
renting_log_high.json,89972,4499,0,0.0000,3159966,560800,48,568,0.5000,0.2266,0.3118,8216
renting_log_high.json,89972,4499,225,0.0500,3149550,549984,48,568,0.5000,0.2266,0.3118,7715
renting_log_high.json,89972,4499,450,0.1000,3158318,554976,48,568,0.5000,0.2266,0.3118,7047
renting_log_high.json,89972,4499,900,0.2000,3157310,557024,48,568,0.5000,0.2266,0.3118,6136
renting_log_high.json,89972,4499,2250,0.5001,3148782,551968,48,568,0.5000,0.2266,0.3118,3657
renting_log_high.json,89972,4499,3599,0.8000,3140670,549088,48,568,0.5000,0.2266,0.3118,1444
renting_log_high.json,89972,4499,4499,1.0000,3153190,549088,48,570,0.5000,0.2266,0.3118,52
renting_log_high.json,89972,8997,0,0.0000,3321918,818720,48,1134,1.0000,1.0000,1.0000,13519
renting_log_high.json,89972,8997,450,0.0500,3337454,823840,48,1134,1.0000,1.0000,1.0000,12317
renting_log_high.json,89972,8997,900,0.1000,3331886,819872,48,1134,1.0000,1.0000,1.0000,11481
renting_log_high.json,89972,8997,1799,0.2000,3319806,818080,48,1134,1.0000,1.0000,1.0000,9786
renting_log_high.json,89972,8997,4499,0.5001,3325422,817888,48,1136,1.0000,1.0000,1.0000,5518
renting_log_high.json,89972,8997,7198,0.8000,3326574,815072,48,1136,1.0000,1.0000,1.0000,1801
renting_log_high.json,89972,8997,8997,1.0000,3335238,816672,48,1136,1.0000,1.0000,1.0000,53
renting_log_high.json,89972,17994,0,0.0000,3925222,1363616,48,2260,1.0000,1.0000,1.0000,14940
renting_log_high.json,89972,17994,900,0.0500,3927270,1361952,48,2260,1.0000,1.0000,1.0000,13195
renting_log_high.json,89972,17994,1799,0.1000,3934454,1364384,48,2260,1.0000,1.0000,1.0000,11650
renting_log_high.json,89972,17994,3599,0.2000,3930742,1365088,48,2263,1.0000,1.0000,1.0000,8851
renting_log_high.json,89972,17994,8997,0.5000,3928102,1364832,48,2268,1.0000,1.0000,1.0000,2487
renting_log_high.json,89972,17994,14395,0.8000,3934966,1363616,48,2274,1.0000,1.0000,1.0000,757
renting_log_high.json,89972,17994,17994,1.0000,3933814,1364640,48,2274,1.0000,1.0000,1.0000,51
renting_log_high.json,89972,44986,0,0.0000,9970934,7142288,48,7441,1.0000,1.0000,1.0000,13559
renting_log_high.json,89972,44986,2249,0.0500,9971494,7143312,48,7441,1.0000,1.0000,1.0000,10404
renting_log_high.json,89972,44986,4499,0.1000,9976390,7146192,48,7441,1.0000,1.0000,1.0000,8082
renting_log_high.json,89972,44986,8997,0.2000,9971734,7145744,48,7441,1.0000,1.0000,1.0000,4745
renting_log_high.json,89972,44986,22493,0.5000,9974726,7146512,48,7441,1.0000,1.0000,1.0000,2177
renting_log_high.json,89972,44986,35989,0.8000,9976166,7150288,48,7441,1.0000,1.0000,1.0000,565
renting_log_high.json,89972,44986,44986,1.0000,9973542,7148816,48,7441,1.0000,1.0000,1.0000,49
renting_log_high.json,89972,89972,89972,1.0000,20147414,17190320,48,10000,1.0000,1.0000,1.0000,44
